sheet,variant_id,polymorphism_display,gene_display,variant_display,category,chromosome,block_id,block_title,info_text,display_order,sex,genotype,summary_result,comment_text
VariantCatalog,RS4680,RS4680,COMT,c.472G>A,Невромедиация - Метаболизъм на допамин,22,COMT,Катехол-O-метилтрансфераза (COMT),Катехол-O-метилтрансфераза (COMT) е ензим, участващ в разграждането на катехоламини. Вариантът влияе върху ензимната активност.,1,,,,
VariantCatalog,MAOA,RS1137070,MAOA,c.1460C>T,Невромедиация - Метаболизъм на серотонин,X,MAOA,Моноамин оксидаза A (MAOA),Генът MAOA кодира ензим, разграждащ моноамини. Варианти в MAOA могат да променят активността му.,2,,,,
VariantCatalog,5-HTTLPR,5-HTTLPR,SLC6A4,5-HTTLPR,Невромедиация - Метаболизъм на серотонин,17,SLC6A4,Серотонинов транспортер (SLC6A4),Серотониновият транспортер влияе на обратното захващане на серотонин. 5-HTTLPR вариантът влияе на експресията му.,3,,,,
Interpretations,RS4680,,,,,,,,,Any,G/G,-/-,Отчита се нормален генотип G/G, който се свързва с нормална ензимна активност.
Interpretations,RS4680,,,,,,,,,Any,G/A,+/-,Отчита се хетерозиготен генотип G/A, свързан с умерено намалена ензимна активност.
Interpretations,RS4680,,,,,,,,,Any,A/A,+/+,Отчита се рисков генотип A/A, свързан със значително намалена ензимна активност.
Interpretations,MAOA,,,,,,,,,M,G,-/-,При мъже се отчита нормален алел G, свързан с нормална ензимна активност.
Interpretations,MAOA,,,,,,,,,M,T,+/-,При мъже се отчита алел T, свързан с понижена ензимна активност.
Interpretations,MAOA,,,,,,,,,F,G/G,-/-,При жени се отчита нормален генотип G/G, свързан с нормална ензимна активност.
Interpretations,MAOA,,,,,,,,,F,G/T,+/-,При жени се отчита хетерозиготен генотип G/T, свързан с умерено намалена активност.
Interpretations,MAOA,,,,,,,,,F,T/T,+/+,При жени се отчита рисков генотип T/T, свързан с понижена ензимна активност.
Interpretations,5-HTTLPR,,,,,,,,,Any,L/L,-/-,Отчита се генотип L/L, свързан с нормална експресия на транспортера.
Interpretations,5-HTTLPR,,,,,,,,,Any,S/L,+/-,Отчита се хетерозиготен генотип S/L, свързан с умерено понижена експресия.
Interpretations,5-HTTLPR,,,,,,,,,Any,S/S,+/+,Отчита се генотип S/S, свързан с понижена експресия на транспортера.
